user_id,created_at,acquisition_channel,country
1,2025-09-26 12:36:44,email,US
2,2025-07-06 06:41:18,referral,US
3,2025-09-27 23:57:30,email,US
4,2025-11-07 20:42:47,paid_search,US
5,2025-09-02 00:03:08,paid_search,US
6,2025-06-04 02:38:12,social,US
7,2025-01-26 20:41:29,organic,US
8,2025-11-06 10:37:10,organic,MX
9,2025-06-18 19:43:06,paid_search,US
10,2025-11-01 10:04:58,organic,US
11,2025-12-05 02:05:11,organic,US
12,2025-10-05 13:30:28,organic,US
13,2025-04-22 10:35:19,organic,US
14,2025-09-03 22:41:27,organic,US
15,2025-05-02 20:07:30,referral,US
16,2025-09-04 12:54:45,paid_search,GB
17,2025-03-27 16:54:12,paid_search,AU
18,2025-02-27 15:45:05,social,US
19,2025-06-11 11:56:07,organic,US
20,2025-08-03 15:08:27,referral,AU
21,2025-02-22 07:56:13,email,US
22,2025-03-11 16:11:17,organic,GB
23,2025-02-08 17:06:09,paid_search,US
24,2025-04-17 06:05:51,email,US
25,2025-01-02 04:42:35,referral,US
26,2025-07-04 18:33:56,paid_search,US
27,2025-01-15 14:45:52,social,US
28,2025-04-24 05:57:13,organic,US
29,2025-03-07 13:33:09,referral,US
30,2025-12-18 06:26:04,organic,US
31,2025-04-23 05:19:39,referral,US
32,2025-04-18 16:54:08,social,MX
33,2025-03-08 11:17:46,social,US
34,2025-05-04 04:14:50,paid_search,GB
35,2025-03-12 18:16:30,organic,US
36,2025-11-29 03:10:33,organic,US
37,2025-06-03 05:08:43,organic,MX
38,2025-09-06 19:49:15,organic,US
39,2025-12-14 07:37:51,email,US
40,2025-11-05 15:26:06,paid_search,US
41,2025-05-27 09:30:37,organic,US
42,2025-08-21 02:15:25,referral,US
43,2025-07-15 03:51:10,email,AU
44,2025-03-01 13:53:01,referral,US
45,2025-08-05 19:12:50,referral,US
46,2025-11-16 05:40:06,organic,US
47,2025-11-28 11:41:39,paid_search,US
48,2025-11-18 23:26:55,email,US
49,2025-10-17 13:58:16,social,US
50,2025-01-29 02:33:08,organic,US
51,2025-10-25 09:13:22,email,US
52,2025-01-31 19:44:06,organic,US
53,2025-11-18 05:01:08,organic,US
54,2025-09-15 20:02:16,paid_search,US
55,2025-05-07 20:10:14,social,US
56,2025-09-29 01:02:09,social,GB
57,2025-06-27 14:47:31,organic,US
58,2025-08-22 17:24:40,email,US
59,2025-08-22 08:47:55,organic,US
60,2025-02-09 04:22:37,organic,US
61,2025-07-04 10:01:21,,US
62,2025-05-10 10:42:01,referral,US
63,2025-01-17 23:08:09,email,US
64,2025-07-14 23:16:04,email,US
65,2025-08-04 07:28:01,social,US
66,2025-08-14 23:01:39,social,US
67,2025-11-27 14:19:07,organic,US
68,2025-05-12 20:32:46,paid_search,US
69,2025-06-27 18:21:47,paid_search,MX
70,2025-08-30 03:08:54,organic,GB
71,2025-01-31 21:39:55,social,CA
72,2025-05-29 14:30:20,paid_search,CA
73,2025-09-10 00:38:31,organic,AU
74,2025-06-06 00:24:14,organic,US
75,2025-03-16 01:13:06,social,US
76,2025-06-02 15:07:57,organic,US
77,2025-01-22 15:42:08,email,US
78,2025-02-18 02:14:59,paid_search,US
79,2025-05-07 16:34:57,paid_search,US
80,2025-11-08 19:07:19,social,US
81,2025-09-24 12:24:35,email,US
82,2025-12-16 03:26:57,organic,AU
83,2025-06-13 02:14:21,social,US
84,2025-08-09 20:43:49,social,US
85,2025-08-28 10:30:13,organic,US
86,2025-09-16 12:13:55,email,US
87,2025-09-14 20:25:25,email,GB
88,2025-01-04 03:30:36,social,US
89,2025-02-11 11:45:02,email,CA
90,2025-11-12 12:35:29,email,US
91,2025-03-26 06:36:09,social,US
92,2025-08-09 19:04:11,email,US
93,2025-04-10 08:49:37,social,US
94,2025-08-13 22:48:41,,US
95,2025-07-28 21:35:57,social,US
96,2025-08-26 19:22:11,email,US
97,2025-07-26 07:06:53,organic,AU
98,2025-02-05 06:27:42,email,US
99,2025-11-06 14:37:02,email,CA
100,2025-05-08 00:13:59,organic,US
101,2025-01-07 12:51:25,email,US
102,2025-02-03 07:46:30,organic,US
103,2025-09-16 22:53:47,organic,US
104,2025-11-03 10:52:40,social,US
105,2025-01-12 15:48:13,organic,US
106,2025-09-07 10:29:59,email,US
107,2025-02-08 23:10:12,email,AU
108,2025-10-19 12:57:51,paid_search,US
109,2025-09-13 03:26:36,organic,CA
110,2025-10-12 13:02:09,organic,US
111,2025-02-01 07:10:38,social,US
112,2025-01-31 10:45:08,referral,US
113,2025-02-10 10:44:39,social,US
114,2025-09-16 00:53:45,organic,US
115,2025-08-03 15:20:56,social,US
116,2025-09-30 00:03:07,paid_search,US
117,2025-06-30 15:02:19,email,US
118,2025-05-08 08:12:28,organic,GB
119,2025-01-15 20:59:20,email,CA
120,2025-12-25 11:03:56,paid_search,US
121,2025-09-22 13:22:22,referral,US
122,2025-03-01 20:57:16,organic,US
123,2025-07-30 16:18:08,social,US
124,2025-01-01 13:36:24,referral,US
125,2025-05-05 20:51:18,organic,US
126,2025-03-17 21:09:28,referral,US
127,2025-11-26 01:41:43,social,US
128,2025-07-31 14:13:20,organic,US
129,2025-06-19 04:09:15,organic,CA
130,2025-08-09 00:02:15,social,CA
131,2025-10-02 12:08:55,organic,US
132,2025-11-08 13:12:30,social,AU
133,2025-05-28 05:07:22,organic,MX
134,2025-06-25 11:20:18,social,US
135,2025-07-05 12:51:28,organic,US
136,2025-01-21 02:31:35,email,US
137,2025-05-02 12:35:46,referral,AU
138,2025-02-25 07:54:10,referral,GB
139,2025-10-08 15:09:20,social,US
140,2025-08-07 14:23:54,organic,US
141,2025-07-05 12:37:24,email,US
142,2025-08-09 00:16:41,organic,US
143,2025-12-10 03:52:06,organic,US
144,2025-05-12 05:04:57,organic,GB
145,2025-11-19 19:42:32,paid_search,US
146,2025-02-14 14:22:19,email,GB
147,2025-07-05 08:10:46,social,GB
148,2025-11-09 14:33:44,,US
149,2025-10-31 18:15:35,organic,US
150,2025-07-25 17:02:03,referral,US
151,2025-05-18 20:20:49,paid_search,US
152,2025-03-24 12:35:44,paid_search,US
153,2025-02-22 14:39:43,organic,US
154,2025-06-30 11:39:34,email,US
155,2025-11-09 22:00:54,social,US
156,2025-08-26 13:16:45,organic,US
157,2025-08-31 03:07:03,organic,US
158,2025-04-03 10:53:24,social,US
159,2025-06-01 07:14:42,social,US
160,2025-09-24 11:04:11,,US
161,2025-08-24 20:58:15,referral,US
162,2025-03-05 20:13:09,organic,US
163,2025-08-07 17:41:46,paid_search,US
164,2025-11-22 21:31:14,referral,US
165,2025-06-22 05:48:48,paid_search,US
166,2025-01-06 16:27:14,social,GB
167,2025-04-30 15:21:08,paid_search,US
168,2025-05-28 05:54:54,organic,US
169,2025-04-25 16:41:49,referral,US
170,2025-09-14 16:40:34,paid_search,US
171,2025-05-28 18:22:56,email,US
172,2025-05-29 02:42:12,organic,US
173,2025-11-24 13:49:13,organic,US
174,2025-03-22 00:42:30,organic,US
175,2025-09-23 13:28:30,social,US
176,2025-10-29 15:47:25,paid_search,US
177,2025-03-21 22:32:06,email,US
178,2025-03-10 03:46:34,paid_search,MX
179,2025-12-20 07:58:00,referral,US
180,2025-10-09 15:49:34,organic,US
181,2025-03-17 08:27:05,email,US
182,2025-04-09 12:10:17,email,US
183,2025-04-02 07:02:19,email,US
184,2025-11-11 14:42:20,email,US
185,2025-11-15 11:29:54,email,US
186,2025-01-09 21:46:38,social,US
187,2025-09-13 10:35:11,organic,US
188,2025-06-28 20:28:22,organic,US
189,2025-11-26 02:14:08,referral,GB
190,2025-04-03 06:16:19,social,US
191,2025-02-08 13:17:48,email,US
192,2025-02-07 16:33:35,paid_search,US
193,2025-01-11 02:52:51,organic,US
194,2025-03-07 10:37:17,organic,US
195,2025-11-21 01:24:52,social,US
196,2025-12-20 04:16:22,paid_search,US
197,2025-05-22 22:00:06,organic,US
198,2025-07-25 10:46:04,paid_search,US
199,2025-02-08 16:53:34,organic,US
200,2025-10-03 22:46:02,social,GB
201,2025-04-22 03:14:43,organic,US
202,2025-09-24 03:03:40,email,US
203,2025-11-28 10:31:59,organic,US
204,2025-09-12 06:59:18,paid_search,US
205,2025-02-04 05:57:14,organic,CA
206,2025-12-29 03:16:02,organic,US
207,2025-09-05 02:58:29,paid_search,US
208,2025-09-29 19:23:07,paid_search,US
209,2025-01-01 12:06:25,social,US
210,2025-12-23 06:01:13,organic,US
211,2025-06-20 15:35:08,social,US
212,2025-11-23 15:43:57,email,US
213,2025-01-30 09:24:08,email,US
214,2025-07-15 10:46:12,organic,US
215,2025-08-01 09:59:33,paid_search,GB
216,2025-06-19 11:46:35,organic,CA
217,2025-12-04 21:14:03,organic,GB
218,2025-12-09 03:12:43,referral,US
219,2025-05-02 15:54:59,organic,US
220,2025-04-07 03:21:01,paid_search,CA
221,2025-01-24 06:03:41,social,US
222,2025-01-14 21:44:42,social,US
223,2025-07-20 10:59:11,social,GB
224,2025-05-17 20:03:05,organic,GB
225,2025-09-01 14:28:06,organic,US
226,2025-09-29 17:33:15,paid_search,US
227,2025-08-24 09:28:56,organic,US
228,2025-10-01 13:53:42,paid_search,CA
229,2025-01-29 18:06:53,organic,AU
230,2025-02-03 15:36:00,organic,US
231,2025-11-20 11:26:56,paid_search,US
232,2025-03-10 05:39:04,organic,GB
233,2025-12-18 05:01:14,social,US
234,2025-09-18 02:58:05,social,US
235,2025-01-26 20:50:00,email,MX
236,2025-10-02 03:22:27,organic,US
237,2025-02-20 00:37:32,organic,US
238,2025-03-09 09:16:24,organic,US
239,2025-01-05 15:51:30,social,US
240,2025-12-12 14:12:54,social,CA
241,2025-01-30 11:53:41,organic,US
242,2025-05-26 21:21:11,referral,MX
243,2025-05-22 03:33:46,organic,US
244,2025-06-16 10:55:04,paid_search,US
245,2025-01-23 14:48:29,social,US
246,2025-06-16 22:01:08,email,US
247,2025-09-03 08:54:56,social,US
248,2025-05-14 02:49:22,email,US
249,2025-07-08 06:27:53,organic,US
250,2025-03-25 09:32:27,email,US
251,2025-04-07 08:08:55,organic,US
252,2025-09-26 22:01:50,email,US
253,2025-07-30 04:51:06,paid_search,US
254,2025-05-24 16:25:25,email,US
255,2025-01-01 16:58:07,paid_search,US
256,2025-06-07 08:44:15,social,US
257,2025-06-19 17:39:35,paid_search,US
258,2025-09-26 08:52:03,social,US
259,2025-07-31 11:56:32,organic,CA
260,2025-04-29 22:03:41,organic,CA
261,2025-05-31 17:25:04,organic,US
262,2025-07-14 15:16:09,organic,US
263,2025-03-17 01:15:31,email,CA
264,2025-08-22 01:40:27,organic,US
265,2025-03-30 14:21:49,,CA
266,2025-02-19 07:13:42,organic,CA
267,2025-09-09 14:00:33,organic,CA
268,2025-03-08 06:26:10,email,US
269,2025-07-19 00:08:16,social,US
270,2025-06-28 11:37:20,paid_search,US
271,2025-10-04 00:58:31,social,US
272,2025-10-08 05:08:32,social,US
273,2025-02-27 11:10:50,organic,US
274,2025-01-10 09:52:48,referral,US
275,2025-01-03 14:34:41,referral,GB
276,2025-05-14 04:11:45,social,US
277,2025-08-26 23:08:11,organic,AU
278,2025-08-17 20:29:41,social,CA
279,2025-03-31 12:21:42,organic,US
280,2025-09-16 22:32:04,organic,US
281,2025-03-07 16:18:39,organic,GB
282,2025-04-11 05:02:24,paid_search,US
283,2025-03-18 11:54:40,email,US
284,2025-09-15 20:12:02,social,US
285,2025-02-20 14:28:13,social,US
286,2025-08-01 06:09:05,paid_search,US
287,2025-09-10 10:00:11,organic,US
288,2025-05-03 19:36:57,paid_search,US
289,2025-03-05 09:40:47,referral,US
290,2025-10-27 03:51:33,organic,US
291,2025-12-03 00:04:06,email,US
292,2025-01-13 22:50:43,social,US
293,2025-05-16 15:01:10,paid_search,AU
294,2025-07-09 06:03:54,social,US
295,2025-05-03 15:11:51,paid_search,US
296,2025-06-12 04:22:18,email,US
297,2025-03-24 05:07:10,referral,US
298,2025-11-08 10:08:37,paid_search,US
299,2025-01-30 14:37:11,organic,CA
300,2025-03-19 01:58:28,social,US
301,2025-12-30 04:11:31,referral,CA
302,2025-12-08 01:03:29,organic,US
303,2025-02-05 15:39:49,social,US
304,2025-01-20 05:38:29,social,US
305,2025-08-13 22:09:14,social,AU
306,2025-07-15 10:54:54,organic,US
307,2025-08-05 08:27:27,social,US
308,2025-03-15 01:55:27,referral,US
309,2025-12-23 19:05:04,organic,US
310,2025-04-24 08:11:52,organic,US
311,2025-01-24 05:49:47,referral,US
312,2025-01-20 04:51:06,organic,US
313,2025-12-06 13:42:29,email,US
314,2025-01-25 20:53:35,paid_search,US
315,2025-03-27 03:15:40,organic,CA
316,2025-12-04 20:18:10,email,CA
317,2025-09-04 08:04:35,paid_search,CA
318,2025-10-08 16:25:31,paid_search,US
319,2025-10-10 19:40:42,paid_search,US
320,2025-03-16 02:53:23,social,US
321,2025-02-17 20:41:54,organic,US
322,2025-01-11 12:58:01,paid_search,US
323,2025-08-01 18:53:54,referral,US
324,2025-08-28 06:47:26,organic,US
325,2025-09-02 09:00:03,social,US
326,2025-08-15 01:43:59,organic,GB
327,2025-05-01 14:59:18,email,US
328,2025-05-04 20:23:15,organic,US
329,2025-05-31 06:53:28,referral,US
330,2025-06-20 21:22:40,paid_search,US
331,2025-12-12 08:07:03,organic,US
332,2025-07-15 00:08:31,organic,GB
333,2025-04-16 16:49:42,organic,GB
334,2025-12-17 02:00:49,paid_search,US
335,2025-03-30 02:48:07,organic,AU
336,2025-08-23 01:23:12,email,MX
337,2025-07-09 15:36:42,paid_search,CA
338,2025-09-12 22:57:31,organic,GB
339,2025-02-11 19:30:00,social,US
340,2025-07-23 17:43:52,social,US
341,2025-10-23 14:35:29,organic,US
342,2025-05-21 02:44:38,organic,US
343,2025-04-29 13:58:54,organic,MX
344,2025-04-27 06:57:33,social,US
345,2025-01-24 10:59:53,social,US
346,2025-01-07 10:03:14,paid_search,CA
347,2025-04-09 19:12:06,email,GB
348,2025-07-05 14:53:47,email,MX
349,2025-06-03 02:29:35,social,US
350,2025-08-23 17:48:09,email,US
351,2025-10-06 16:01:51,organic,US
352,2025-01-26 12:24:24,organic,US
353,2025-02-20 06:02:27,organic,US
354,2025-11-05 20:29:47,organic,US
355,2025-05-30 23:02:08,paid_search,CA
356,2025-07-22 03:09:52,referral,US
357,2025-12-23 04:29:35,organic,US
358,2025-08-11 19:03:25,organic,US
359,2025-11-24 15:04:43,paid_search,US
360,2025-06-29 06:03:48,referral,US
361,2025-04-09 10:53:24,organic,CA
362,2025-01-15 08:44:42,paid_search,US
363,2025-03-02 00:08:22,organic,CA
364,2025-06-03 17:14:48,organic,US
365,2025-09-28 02:50:16,referral,GB
366,2025-09-29 09:31:14,referral,US
367,2025-09-08 19:18:42,organic,US
368,2025-12-25 04:42:23,referral,US
369,2025-05-25 17:07:27,social,GB
370,2025-11-19 09:12:34,email,US
371,2025-08-25 17:02:11,paid_search,US
372,2025-08-01 10:59:35,paid_search,MX
373,2025-10-29 18:32:21,paid_search,CA
374,2025-11-17 00:53:11,social,US
375,2025-09-04 10:38:24,organic,US
376,2025-03-11 22:11:35,organic,US
377,2025-12-23 20:13:39,organic,US
378,2025-10-27 00:07:38,social,US
379,2025-10-23 15:38:24,organic,AU
380,2025-09-25 09:03:03,social,AU
381,2025-07-23 08:19:47,referral,US
382,2025-01-06 19:12:37,organic,US
383,2025-09-02 20:39:03,social,US
384,2025-08-30 22:01:55,paid_search,MX
385,2025-05-08 08:08:29,email,MX
386,2025-03-10 19:49:54,organic,US
387,2025-09-11 06:53:35,social,CA
388,2025-05-11 21:49:12,email,US
389,2025-12-27 11:41:22,referral,US
390,2025-09-02 06:26:32,social,US
391,2025-09-09 14:42:36,paid_search,US
392,2025-05-13 18:36:01,social,US
393,2025-08-15 13:58:23,email,US
394,2025-02-03 14:55:41,social,US
395,2025-04-03 09:37:21,organic,AU
396,2025-03-03 13:53:05,referral,US
397,2025-08-07 11:40:37,social,US
398,2025-06-04 16:19:46,social,US
399,2025-06-25 04:00:15,organic,US
400,2025-04-23 20:10:36,social,US
401,2025-10-02 08:47:36,paid_search,US
402,2025-07-21 08:08:03,social,US
403,2025-03-03 17:25:52,organic,US
404,2025-05-02 19:23:47,social,US
405,2025-05-23 20:54:56,referral,US
406,2025-03-26 19:35:41,organic,US
407,2025-09-10 21:16:04,referral,US
408,2025-12-12 08:56:15,paid_search,US
409,2025-08-02 22:45:39,email,GB
410,2025-12-19 15:12:55,email,US
411,2025-03-01 10:10:07,social,US
412,2025-04-09 13:49:59,social,CA
413,2025-09-30 02:01:42,email,US
414,2025-04-19 20:40:34,paid_search,US
415,2025-03-09 17:59:44,organic,GB
416,2025-06-17 16:29:51,social,CA
417,2025-10-16 17:55:44,email,MX
418,2025-06-22 21:05:51,email,US
419,2025-02-19 18:55:54,email,US
420,2025-01-27 06:17:22,paid_search,US
421,2025-06-24 23:40:05,email,US
422,2025-01-23 22:58:29,organic,US
423,2025-03-31 14:02:21,paid_search,US
424,2025-07-15 12:39:57,organic,AU
425,2025-07-31 19:01:57,organic,US
426,2025-04-26 20:13:25,paid_search,US
427,2025-05-03 22:04:28,paid_search,US
428,2025-04-28 16:07:14,social,US
429,2025-03-12 15:58:45,paid_search,US
430,2025-11-02 03:40:10,paid_search,US
431,2025-08-22 23:30:34,organic,US
432,2025-10-13 18:35:13,paid_search,US
433,2025-11-11 14:05:08,organic,GB
434,2025-05-12 02:10:37,organic,GB
435,2025-08-11 14:53:20,social,US
436,2025-11-24 15:49:47,social,US
437,2025-08-30 16:03:58,social,GB
438,2025-01-17 09:56:15,paid_search,GB
439,2025-08-27 05:45:04,paid_search,US
440,2025-06-30 02:07:55,email,US
441,2025-07-04 00:47:56,paid_search,US
442,2025-12-15 06:20:31,paid_search,CA
443,2025-03-26 02:16:35,organic,MX
444,2025-02-13 16:02:42,organic,US
445,2025-05-26 14:27:11,paid_search,GB
446,2025-08-29 23:03:12,paid_search,US
447,2025-08-14 17:57:19,social,MX
448,2025-09-18 06:24:16,paid_search,US
449,2025-04-28 11:10:35,social,GB
450,2025-05-28 01:43:55,email,US
451,2025-03-01 09:06:37,email,US
452,2025-02-09 22:42:36,social,US
453,2025-11-01 08:49:49,referral,MX
454,2025-02-09 20:41:24,organic,CA
455,2025-02-03 21:05:09,organic,GB
456,2025-05-28 16:46:26,organic,AU
457,2025-10-02 23:04:27,social,US
458,2025-11-17 07:28:23,email,US
459,2025-05-11 12:06:52,organic,US
460,2025-11-10 15:06:24,referral,US
461,2025-10-20 18:59:57,organic,US
462,2025-10-12 05:01:40,referral,US
463,2025-04-09 10:11:42,paid_search,US
464,2025-05-14 08:18:42,organic,US
465,2025-07-07 08:41:31,paid_search,US
466,2025-03-13 22:17:04,organic,US
467,2025-09-08 05:30:27,organic,MX
468,2025-09-25 18:13:18,organic,CA
469,2025-02-20 04:24:28,email,MX
470,2025-04-24 14:23:16,paid_search,US
471,2025-06-19 13:31:11,organic,US
472,2025-05-22 16:00:32,social,CA
473,2025-08-08 19:39:43,social,US
474,2025-02-14 23:33:22,organic,US
475,2025-09-27 22:32:31,paid_search,US
476,2025-10-01 09:00:01,,US
477,2025-04-16 01:49:12,organic,US
478,2025-07-22 03:28:41,social,US
479,2025-11-18 11:45:34,organic,US
480,2025-01-24 00:32:53,paid_search,US
481,2025-02-05 15:46:01,social,US
482,2025-01-17 08:54:26,organic,CA
483,2025-01-06 03:38:21,social,US
484,2025-06-20 07:58:15,organic,US
485,2025-10-16 00:10:25,referral,GB
486,2025-10-07 23:30:39,paid_search,US
487,2025-12-18 23:58:38,email,US
488,2025-10-10 07:08:05,social,US
489,2025-12-19 03:52:54,organic,US
490,2025-12-28 11:15:13,social,US
491,2025-07-26 23:25:50,referral,CA
492,2025-05-15 10:46:50,social,US
493,2025-11-06 14:23:37,email,US
494,2025-04-28 23:10:57,email,US
495,2025-04-22 06:21:13,organic,US
496,2025-11-14 19:52:48,organic,US
497,2025-09-02 13:32:23,social,US
498,2025-03-26 16:02:40,paid_search,US
499,2025-07-09 08:06:32,email,US
500,2025-12-23 12:01:46,,US
501,2025-10-15 14:57:57,paid_search,US
502,2025-01-06 18:34:23,organic,CA
503,2025-10-23 12:37:58,email,US
504,2025-08-14 03:43:24,organic,US
505,2025-08-21 07:53:26,email,US
506,2025-10-12 06:15:53,paid_search,US
507,2025-09-27 17:20:34,social,US
508,2025-11-05 13:10:09,organic,US
509,2025-04-17 07:34:47,social,CA
510,2025-12-14 12:03:24,paid_search,GB
511,2025-06-22 10:53:47,social,US
512,2025-06-25 11:20:25,organic,US
513,2025-09-15 17:46:46,social,GB
514,2025-03-17 09:00:40,email,MX
515,2025-05-24 21:09:55,organic,GB
516,2025-03-12 14:20:28,organic,US
517,2025-12-03 17:38:27,organic,US
518,2025-03-17 21:06:08,social,US
519,2025-02-01 05:43:35,social,US
520,2025-11-27 18:59:11,paid_search,US
521,2025-11-03 03:45:49,organic,US
522,2025-12-01 13:24:31,paid_search,GB
523,2025-07-13 13:09:33,social,US
524,2025-12-24 13:23:23,paid_search,GB
525,2025-07-09 03:07:30,referral,US
526,2025-04-13 06:53:10,organic,US
527,2025-07-27 18:03:58,social,US
528,2025-01-29 23:29:31,paid_search,CA
529,2025-02-06 18:43:45,paid_search,US
530,2025-01-12 12:42:41,social,US
531,2025-02-18 10:10:39,social,MX
532,2025-01-08 17:05:26,referral,US
533,2025-01-08 12:19:10,organic,US
534,2025-08-22 06:06:13,organic,US
535,2025-01-02 09:00:34,social,US
536,2025-08-20 16:13:12,social,US
537,2025-11-25 07:01:13,organic,US
538,2025-06-28 01:39:10,organic,US
539,2025-09-20 09:22:05,organic,US
540,2025-09-21 00:42:36,email,US
541,2025-05-29 22:22:13,organic,US
542,2025-09-01 08:52:09,organic,US
543,2025-02-21 04:23:21,organic,US
544,2025-12-18 02:11:33,paid_search,US
545,2025-01-13 11:53:20,organic,US
546,2025-10-31 03:25:39,paid_search,US
547,2025-04-24 17:45:41,organic,CA
548,2025-11-14 16:10:54,email,US
549,2025-02-10 13:05:57,organic,AU
550,2025-10-17 22:21:30,paid_search,MX
551,2025-04-13 10:17:31,email,US
552,2025-11-12 02:24:36,social,US
553,2025-11-25 23:53:04,paid_search,US
554,2025-08-06 03:53:24,organic,CA
555,2025-10-22 04:21:15,organic,US
556,2025-08-31 18:16:11,social,US
557,2025-08-03 11:11:39,referral,US
558,2025-10-11 11:54:44,social,GB
559,2025-07-25 19:24:22,social,CA
560,2025-12-26 00:43:47,social,US
561,2025-10-30 12:22:29,paid_search,US
562,2025-08-27 22:38:36,organic,US
563,2025-12-09 00:12:15,social,US
564,2025-01-06 04:49:55,referral,GB
565,2025-09-11 17:11:57,organic,US
566,2025-03-20 04:12:30,social,US
567,2025-07-28 18:26:42,organic,US
568,2025-08-18 12:46:46,paid_search,GB
569,2025-10-03 10:10:47,organic,CA
570,2025-12-20 01:06:20,paid_search,US
571,2025-02-09 02:46:09,,CA
572,2025-02-03 13:43:23,organic,US
573,2025-07-01 19:41:29,social,US
574,2025-05-12 10:23:25,email,US
575,2025-04-10 16:04:34,referral,US
576,2025-11-01 09:51:12,organic,US
577,2025-01-20 01:25:11,paid_search,AU
578,2025-09-16 20:29:50,organic,US
579,2025-07-10 13:13:54,referral,US
580,2025-03-15 03:28:27,referral,US
581,2025-04-03 05:16:41,paid_search,US
582,2025-01-17 11:21:26,email,AU
583,2025-02-12 18:39:21,paid_search,US
584,2025-04-06 02:35:16,social,US
585,2025-08-19 23:06:01,organic,CA
586,2025-03-27 01:12:20,email,US
587,2025-05-17 14:27:09,organic,US
588,2025-01-03 02:51:02,email,US
589,2025-11-17 02:35:42,email,US
590,2025-02-02 21:26:32,social,MX
591,2025-02-19 16:55:39,organic,CA
592,2025-05-15 08:44:36,organic,US
593,2025-06-24 06:56:00,organic,CA
594,2025-03-12 13:18:49,paid_search,US
595,2025-02-27 05:28:25,organic,US
596,2025-01-10 07:08:48,referral,US
597,2025-08-30 04:56:14,social,US
598,2025-01-13 01:47:13,organic,US
599,2025-09-27 01:11:59,paid_search,US
600,2025-04-27 21:39:09,paid_search,AU
601,2025-01-07 03:05:25,social,US
602,2025-07-01 20:40:15,paid_search,US
603,2025-06-08 00:05:44,referral,US
604,2025-07-16 05:23:51,paid_search,US
605,2025-09-02 21:32:28,referral,US
606,2025-11-19 22:30:12,email,US
607,2025-09-29 07:45:04,organic,GB
608,2025-03-28 12:14:07,,US
609,2025-02-23 06:03:40,organic,US
610,2025-06-25 01:48:22,email,US
611,2025-02-12 19:36:31,paid_search,US
612,2025-10-25 12:51:16,email,US
613,2025-04-27 14:35:01,email,US
614,2025-06-22 20:00:28,email,US
615,2025-10-03 06:34:30,email,US
616,2025-02-11 19:30:10,organic,US
617,2025-10-03 13:38:19,organic,US
618,2025-06-25 20:03:37,paid_search,US
619,2025-08-08 05:33:03,organic,CA
620,2025-04-30 03:04:18,social,US
621,2025-01-02 16:05:56,organic,CA
622,2025-05-28 23:52:53,referral,US
623,2025-11-24 03:25:44,social,CA
624,2025-10-23 09:17:16,email,US
625,2025-11-29 22:35:57,organic,US
626,2025-10-19 09:07:39,email,US
627,2025-12-11 23:54:44,referral,AU
628,2025-01-21 05:33:34,paid_search,US
629,2025-03-24 19:58:40,social,US
630,2025-12-01 08:12:13,email,US
631,2025-07-13 18:35:25,organic,CA
632,2025-05-27 13:08:13,paid_search,US
633,2025-01-27 11:43:47,paid_search,CA
634,2025-06-21 18:17:40,organic,US
635,2025-09-27 14:52:59,paid_search,US
636,2025-03-18 08:38:39,organic,US
637,2025-07-23 00:35:37,organic,MX
638,2025-10-03 23:42:17,organic,US
639,2025-12-26 22:41:51,referral,AU
640,2025-04-21 15:05:56,paid_search,US
641,2025-08-23 17:17:26,referral,US
642,2025-05-07 23:25:23,paid_search,US
643,2025-03-07 23:00:48,organic,US
644,2025-07-05 17:35:57,paid_search,GB
645,2025-07-27 00:01:33,paid_search,AU
646,2025-03-08 10:07:32,organic,GB
647,2025-01-04 08:13:10,social,US
648,2025-02-28 20:28:41,organic,US
649,2025-11-18 21:05:13,social,US
650,2025-07-10 13:13:25,social,MX
651,2025-04-24 09:30:44,organic,US
652,2025-07-12 06:34:11,organic,US
653,2025-11-07 06:24:33,email,US
654,2025-06-03 03:55:31,paid_search,US
655,2025-02-12 17:55:05,organic,MX
656,2025-07-06 08:30:10,referral,US
657,2025-06-05 21:42:17,organic,US
658,2025-02-21 16:37:51,social,US
659,2025-09-02 22:32:32,referral,US
660,2025-01-16 15:44:55,organic,US
661,2025-05-02 11:21:40,organic,US
662,2025-08-01 13:47:24,organic,GB
663,2025-11-29 06:49:39,organic,AU
664,2025-11-18 22:22:07,organic,US
665,2025-01-13 17:42:47,social,US
666,2025-11-14 17:28:47,organic,AU
667,2025-03-31 04:39:18,paid_search,US
668,2025-12-02 14:58:09,referral,US
669,2025-06-02 19:11:44,email,US
670,2025-01-01 13:38:35,social,US
671,2025-06-28 12:20:47,organic,US
672,2025-05-16 17:18:18,social,MX
673,2025-07-22 12:49:23,paid_search,US
674,2025-09-14 14:07:19,paid_search,US
675,2025-09-21 03:12:11,organic,US
676,2025-09-24 07:39:29,email,US
677,2025-06-01 20:12:18,paid_search,US
678,2025-05-13 09:20:59,organic,CA
679,2025-06-24 00:04:48,paid_search,CA
680,2025-09-12 21:48:16,paid_search,US
681,2025-11-20 22:42:04,email,AU
682,2025-11-22 19:34:10,social,CA
683,2025-01-17 06:05:30,email,CA
684,2025-07-17 02:11:48,organic,US
685,2025-02-16 17:04:11,paid_search,US
686,2025-06-13 13:16:50,,US
687,2025-01-06 16:24:32,organic,US
688,2025-01-13 13:54:40,organic,US
689,2025-06-01 11:31:51,email,US
690,2025-12-10 15:42:01,organic,GB
691,2025-06-26 22:28:58,paid_search,GB
692,2025-01-24 19:02:03,organic,AU
693,2025-01-27 00:43:08,organic,US
694,2025-12-08 01:51:08,organic,US
695,2025-07-01 12:33:15,referral,US
696,2025-12-16 08:44:14,email,US
697,2025-04-23 07:11:41,referral,US
698,2025-05-10 02:08:01,paid_search,US
699,2025-02-04 10:44:02,organic,US
700,2025-02-23 00:14:41,paid_search,GB
701,2025-06-15 00:02:42,paid_search,US
702,2025-01-31 15:46:30,email,US
703,2025-02-13 13:17:04,organic,US
704,2025-12-29 03:30:33,paid_search,US
705,2025-11-18 21:43:35,organic,US
706,2025-05-09 10:58:36,organic,US
707,2025-02-25 22:32:57,social,US
708,2025-04-06 18:00:41,paid_search,US
709,2025-08-21 23:53:33,paid_search,US
710,2025-04-08 20:29:21,paid_search,US
711,2025-05-24 06:23:46,paid_search,US
712,2025-01-31 01:31:20,email,AU
713,2025-07-11 09:10:30,email,US
714,2025-02-18 13:59:31,referral,US
715,2025-09-25 22:56:57,email,US
716,2025-03-12 19:41:40,organic,AU
717,2025-08-17 00:01:53,social,CA
718,2025-07-15 23:59:40,paid_search,US
719,2025-12-13 00:22:34,organic,US
720,2025-05-03 21:14:04,email,GB
721,2025-01-07 03:43:51,organic,US
722,2025-02-04 14:24:35,referral,US
723,2025-07-13 01:14:00,paid_search,US
724,2025-11-25 09:10:44,social,CA
725,2025-11-27 05:28:28,social,CA
726,2025-02-09 00:02:00,email,US
727,2025-02-24 12:37:55,social,US
728,2025-10-04 14:45:29,social,US
729,2025-03-21 08:01:40,organic,US
730,2025-01-31 13:25:28,paid_search,MX
731,2025-10-27 06:28:39,organic,US
732,2025-04-17 17:45:35,social,US
733,2025-10-06 23:27:30,paid_search,US
734,2025-11-01 17:32:32,social,US
735,2025-09-10 18:56:34,organic,US
736,2025-11-13 12:56:15,organic,US
737,2025-05-14 16:58:11,social,US
738,2025-08-29 03:06:57,organic,US
739,2025-01-01 19:37:20,organic,US
740,2025-05-28 21:51:34,organic,US
741,2025-05-01 05:59:59,referral,US
742,2025-08-30 21:24:39,social,AU
743,2025-02-23 04:21:17,paid_search,CA
744,2025-12-23 21:06:39,organic,MX
745,2025-12-07 12:40:04,organic,US
746,2025-07-29 20:52:27,email,MX
747,2025-12-20 21:19:44,social,US
748,2025-01-08 19:38:30,organic,US
749,2025-02-13 07:13:16,organic,US
750,2025-10-03 02:01:58,organic,US
751,2025-08-14 19:51:52,social,US
752,2025-07-11 22:32:02,email,US
753,2025-03-19 14:47:04,organic,US
754,2025-05-16 15:41:17,organic,US
755,2025-07-24 13:52:16,organic,US
756,2025-06-02 23:34:08,referral,US
757,2025-09-19 02:19:41,organic,US
758,2025-08-06 10:00:51,email,CA
759,2025-11-02 11:13:51,social,CA
760,2025-12-05 07:23:04,paid_search,US
761,2025-02-07 18:55:08,organic,US
762,2025-09-01 11:49:14,organic,US
763,2025-11-06 22:30:42,social,CA
764,2025-11-14 14:35:28,email,US
765,2025-11-25 14:23:31,social,US
766,2025-05-31 09:08:27,paid_search,US
767,2025-09-27 06:07:56,organic,US
768,2025-12-12 05:04:40,referral,US
769,2025-06-18 16:10:58,email,GB
770,2025-09-23 21:48:59,organic,US
771,2025-06-16 03:59:04,referral,US
772,2025-12-05 16:58:46,social,CA
773,2025-07-02 17:30:03,social,CA
774,2025-08-25 02:19:57,,US
775,2025-09-01 07:50:54,email,US
776,2025-09-21 04:45:51,social,US
777,2025-10-24 04:42:27,organic,AU
778,2025-06-05 08:44:02,organic,US
779,2025-02-11 15:57:45,referral,AU
780,2025-12-06 21:06:54,organic,US
781,2025-09-14 11:25:03,paid_search,US
782,2025-06-05 17:50:44,paid_search,US
783,2025-10-14 15:52:36,paid_search,US
784,2025-07-26 05:04:34,social,US
785,2025-02-13 16:00:11,referral,US
786,2025-01-27 19:42:16,organic,US
787,2025-12-06 10:10:59,organic,MX
788,2025-02-01 23:40:42,organic,US
789,2025-03-31 00:01:24,email,US
790,2025-04-29 00:54:59,social,US
791,2025-02-13 20:19:00,organic,US
792,2025-05-06 02:21:10,email,US
793,2025-01-03 06:56:15,email,US
794,2025-01-28 14:54:48,email,AU
795,2025-07-23 07:05:10,referral,US
796,2025-09-19 21:41:00,organic,US
797,2025-03-03 17:17:40,email,US
798,2025-04-21 23:50:01,paid_search,US
799,2025-10-01 07:37:29,email,US
800,2025-05-23 17:32:22,social,GB
801,2025-07-06 02:27:25,email,CA
802,2025-05-12 22:12:46,social,US
803,2025-02-28 20:09:29,organic,US
804,2025-07-20 08:34:12,paid_search,US
805,2025-05-13 06:09:38,referral,US
806,2025-09-01 04:00:22,referral,US
807,2025-12-07 16:16:28,organic,US
808,2025-12-23 04:11:22,organic,US
809,2025-05-15 12:57:46,organic,US
810,2025-04-28 15:33:31,social,US
811,2025-01-27 08:19:20,email,US
812,2025-07-03 20:02:17,organic,US
813,2025-02-21 00:30:49,paid_search,US
814,2025-02-21 05:30:19,email,CA
815,2025-05-07 10:13:57,social,US
816,2025-10-25 08:34:14,paid_search,US
817,2025-07-29 14:26:53,social,US
818,2025-10-09 04:37:32,paid_search,GB
819,2025-07-10 05:05:43,,US
820,2025-05-02 19:34:01,social,US
821,2025-10-27 14:00:40,social,US
822,2025-03-18 22:18:25,email,US
823,2025-03-05 05:26:50,social,MX
824,2025-06-04 23:00:09,email,US
825,2025-10-25 06:12:17,organic,GB
826,2025-06-10 06:07:00,paid_search,AU
827,2025-10-02 02:04:12,organic,AU
828,2025-11-30 16:34:44,organic,US
829,2025-11-28 08:19:49,social,US
830,2025-04-23 13:44:50,referral,US
831,2025-06-08 02:23:03,organic,CA
832,2025-12-19 02:41:51,paid_search,US
833,2025-07-07 02:03:24,email,US
834,2025-06-21 17:32:48,organic,US
835,2025-09-24 10:41:25,social,US
836,2025-01-15 21:24:03,social,CA
837,2025-04-25 20:09:52,social,US
838,2025-04-07 05:49:50,organic,GB
839,2025-03-13 18:24:06,paid_search,US
840,2025-03-22 19:58:16,email,GB
841,2025-10-23 20:06:04,social,US
842,2025-06-17 22:19:47,organic,US
843,2025-11-18 12:54:59,email,AU
844,2025-03-04 14:44:21,organic,US
845,2025-09-09 08:16:59,social,GB
846,2025-09-25 05:29:02,organic,US
847,2025-09-11 17:53:22,referral,US
848,2025-07-04 09:30:36,paid_search,US
849,2025-05-29 12:19:55,organic,US
850,2025-07-04 18:15:17,organic,US
851,2025-04-08 09:36:38,organic,US
852,2025-04-27 16:05:46,email,US
853,2025-11-21 22:31:37,referral,US
854,2025-01-06 04:32:25,paid_search,MX
855,2025-04-16 18:14:42,paid_search,MX
856,2025-04-01 14:18:14,social,US
857,2025-08-25 20:05:17,email,US
858,2025-01-22 18:04:50,social,US
859,2025-07-03 01:00:28,paid_search,US
860,2025-06-26 00:45:00,paid_search,CA
861,2025-12-03 06:28:01,social,AU
862,2025-02-27 16:34:05,organic,US
863,2025-03-22 07:41:45,social,CA
864,2025-11-25 00:45:07,paid_search,US
865,2025-03-23 01:09:47,email,MX
866,2025-03-20 00:54:31,organic,US
867,2025-01-17 20:08:28,social,US
868,2025-05-04 04:11:42,paid_search,US
869,2025-02-08 09:59:04,social,US
870,2025-04-11 14:54:30,organic,US
871,2025-07-11 18:01:36,social,AU
872,2025-03-09 04:54:26,social,US
873,2025-09-18 16:03:24,social,US
874,2025-06-05 15:59:23,social,US
875,2025-03-03 09:28:29,social,US
876,2025-03-30 18:03:36,email,US
877,2025-02-27 06:51:39,organic,US
878,2025-08-10 19:28:48,email,US
879,2025-08-25 22:26:32,paid_search,US
880,2025-03-12 04:08:23,organic,US
881,2025-09-03 04:50:40,organic,CA
882,2025-08-29 21:18:29,organic,GB
883,2025-11-27 11:45:56,email,US
884,2025-04-24 14:09:09,social,US
885,2025-09-18 04:42:33,email,US
886,2025-08-04 20:10:19,paid_search,US
887,2025-03-08 12:29:32,paid_search,US
888,2025-02-26 02:44:47,organic,US
889,2025-03-07 11:53:16,organic,US
890,2025-07-23 16:24:28,,US
891,2025-04-29 00:09:18,organic,US
892,2025-01-26 18:08:20,organic,GB
893,2025-08-04 15:46:23,social,MX
894,2025-07-31 22:40:53,social,US
895,2025-05-18 14:44:36,referral,US
896,2025-02-08 15:20:42,referral,GB
897,2025-09-09 04:43:39,social,AU
898,2025-06-23 04:39:00,paid_search,US
899,2025-05-29 15:24:19,social,US
900,2025-12-13 22:36:18,email,US
901,2025-01-05 21:39:30,organic,US
902,2025-01-28 11:12:19,paid_search,US
903,2025-09-12 14:50:32,email,US
904,2025-04-18 00:32:46,paid_search,US
905,2025-08-07 15:46:48,social,US
906,2025-10-19 21:05:52,social,CA
907,2025-01-22 16:23:41,organic,US
908,2025-09-27 23:58:06,paid_search,US
909,2025-03-12 09:25:50,organic,US
910,2025-07-01 03:18:24,organic,US
911,2025-05-08 03:54:28,organic,MX
912,2025-03-22 03:51:17,email,US
913,2025-11-04 16:08:21,organic,US
914,2025-03-11 01:31:46,paid_search,US
915,2025-05-16 05:41:35,organic,US
916,2025-05-16 11:53:58,referral,AU
917,2025-11-14 08:15:52,organic,US
918,2025-03-01 05:55:22,paid_search,US
919,2025-10-05 06:06:01,email,US
920,2025-09-11 11:19:59,email,US
921,2025-06-07 21:35:11,organic,GB
922,2025-07-13 17:03:33,email,CA
923,2025-05-06 20:30:03,paid_search,US
924,2025-09-16 04:09:59,paid_search,US
925,2025-05-27 09:38:35,organic,CA
926,2025-07-16 00:59:51,organic,AU
927,2025-10-07 05:49:45,social,US
928,2025-01-31 21:04:27,paid_search,US
929,2025-11-06 08:45:23,paid_search,US
930,2025-05-18 05:53:29,social,GB
931,2025-09-29 05:07:19,email,US
932,2025-03-30 23:14:01,organic,US
933,2025-05-21 19:00:11,social,CA
934,2025-10-02 22:52:33,organic,US
935,2025-01-16 13:20:27,email,US
936,2025-02-18 05:21:40,social,US
937,2025-10-08 14:31:04,referral,US
938,2025-04-17 05:57:55,organic,US
939,2025-04-02 06:07:59,organic,US
940,2025-01-06 18:12:42,organic,US
941,2025-05-22 15:15:01,organic,US
942,2025-02-22 23:43:58,organic,CA
943,2025-08-29 21:56:32,referral,CA
944,2025-11-11 11:13:12,organic,US
945,2025-08-29 14:28:48,organic,US
946,2025-09-04 09:35:48,email,US
947,2025-03-06 09:01:07,paid_search,US
948,2025-03-02 14:46:36,email,US
949,2025-09-08 17:20:27,organic,US
950,2025-09-23 02:05:35,paid_search,US
951,2025-11-13 12:03:40,organic,US
952,2025-01-19 12:33:16,organic,US
953,2025-08-21 12:06:05,referral,US
954,2025-10-20 16:30:26,organic,US
955,2025-04-21 14:13:16,paid_search,US
956,2025-05-31 17:06:13,paid_search,US
957,2025-08-12 01:41:37,organic,GB
958,2025-05-09 01:57:06,email,GB
959,2025-12-13 10:57:03,organic,US
960,2025-06-01 00:01:08,social,US
961,2025-07-20 20:08:14,referral,US
962,2025-09-12 05:18:16,social,US
963,2025-07-27 19:34:25,referral,US
964,2025-08-18 19:56:57,organic,CA
965,2025-06-01 04:01:59,paid_search,US
966,2025-03-24 14:13:49,organic,CA
967,2025-11-29 12:09:21,social,US
968,2025-08-23 06:40:58,referral,US
969,2025-11-03 00:35:56,organic,US
970,2025-02-08 08:44:52,social,US
971,2025-05-26 15:00:06,organic,US
972,2025-09-06 19:20:23,social,US
973,2025-03-14 17:51:28,paid_search,US
974,2025-07-27 00:46:45,referral,MX
975,2025-10-19 14:12:16,social,US
976,2025-07-09 06:37:05,organic,MX
977,2025-05-25 05:10:55,organic,MX
978,2025-02-15 06:55:42,organic,CA
979,2025-04-09 09:30:24,organic,US
980,2025-03-28 10:40:10,organic,US
981,2025-01-19 22:12:36,email,GB
982,2025-10-20 20:04:14,social,US
983,2025-04-28 12:53:44,paid_search,US
984,2025-02-27 21:10:45,organic,US
985,2025-02-21 15:50:18,email,US
986,2025-11-04 06:43:38,social,US
987,2025-11-24 03:59:44,organic,US
988,2025-04-29 20:49:16,social,US
989,2025-02-20 07:09:20,paid_search,GB
990,2025-10-04 23:29:44,organic,US
991,2025-02-07 15:08:18,paid_search,AU
992,2025-02-21 16:19:10,paid_search,US
993,2025-10-19 06:37:08,organic,CA
994,2025-03-25 21:51:43,referral,US
995,2025-09-08 20:46:46,email,CA
996,2025-09-23 19:39:49,social,US
997,2025-07-29 11:58:19,paid_search,CA
998,2025-01-20 22:25:20,paid_search,US
999,2025-06-03 21:59:32,social,GB
1000,2025-08-10 04:15:33,paid_search,MX
1001,2025-12-10 18:48:34,organic,US
1002,2025-02-06 23:52:20,paid_search,US
1003,2025-12-16 04:35:34,email,CA
1004,2025-06-17 03:30:44,paid_search,US
1005,2025-12-28 04:20:52,organic,GB
1006,2025-12-19 00:11:53,email,US
1007,2025-10-21 03:51:37,organic,US
1008,2025-05-22 16:50:26,organic,MX
1009,2025-09-14 12:50:24,organic,US
1010,2025-11-30 13:08:36,organic,GB
1011,2025-09-18 01:35:09,email,US
1012,2025-04-06 11:02:32,paid_search,US
1013,2025-07-26 18:22:37,organic,US
1014,2025-03-13 16:53:20,email,US
1015,2025-02-16 00:47:46,email,US
1016,2025-03-06 08:09:16,email,US
1017,2025-08-18 06:29:32,organic,US
1018,2025-07-23 22:38:59,paid_search,US
1019,2025-04-14 09:54:05,referral,CA
1020,2025-06-10 02:24:00,email,US
1021,2025-12-14 22:17:11,organic,US
1022,2025-02-16 18:21:19,organic,US
1023,2025-01-02 01:36:33,paid_search,US
1024,2025-11-25 02:22:19,referral,US
1025,2025-06-01 11:47:42,paid_search,US
1026,2025-07-27 22:01:43,paid_search,US
1027,2025-11-23 02:04:22,organic,US
1028,2025-10-25 03:39:37,social,US
1029,2025-08-21 18:40:33,email,GB
1030,2025-11-29 17:31:33,paid_search,US
1031,2025-06-11 09:12:34,email,US
1032,2025-08-14 14:38:50,referral,US
1033,2025-06-03 14:12:01,organic,US
1034,2025-01-31 18:29:31,paid_search,AU
1035,2025-07-13 03:51:28,,US
1036,2025-09-08 03:12:53,email,US
1037,2025-12-16 18:35:23,social,US
1038,2025-11-07 17:06:12,social,US
1039,2025-05-03 19:41:17,email,US
1040,2025-03-24 04:49:33,paid_search,US
1041,2025-05-17 23:15:06,referral,US
1042,2025-09-08 19:21:28,paid_search,US
1043,2025-07-19 18:08:16,organic,US
1044,2025-03-01 18:54:39,social,US
1045,2025-06-23 03:56:46,email,US
1046,2025-09-23 17:02:38,organic,US
1047,2025-11-18 18:55:18,email,MX
1048,2025-09-13 08:58:54,referral,US
1049,2025-06-19 22:08:36,organic,GB
1050,2025-06-05 04:45:08,referral,US
1051,2025-11-22 13:05:17,organic,US
1052,2025-02-17 11:04:33,organic,US
1053,2025-01-18 18:07:06,organic,US
1054,2025-04-11 17:53:54,email,US
1055,2025-08-23 07:29:42,social,US
1056,2025-06-26 22:01:09,organic,US
1057,2025-01-04 18:55:59,paid_search,AU
1058,2025-12-01 15:47:07,social,US
1059,2025-07-13 21:08:49,organic,US
1060,2025-12-06 21:31:17,email,US
1061,2025-11-21 09:02:41,email,US
1062,2025-07-17 20:32:33,paid_search,US
1063,2025-07-10 11:32:33,referral,US
1064,2025-03-22 11:35:57,paid_search,AU
1065,2025-01-07 08:50:22,referral,CA
1066,2025-09-09 18:17:22,social,US
1067,2025-10-12 09:39:10,social,US
1068,2025-08-12 23:13:55,organic,AU
1069,2025-01-29 09:35:52,email,US
1070,2025-11-04 01:25:57,paid_search,US
1071,2025-10-06 06:36:16,organic,US
1072,2025-04-30 10:54:15,organic,US
1073,2025-07-29 20:10:54,social,US
1074,2025-10-22 04:11:39,paid_search,US
1075,2025-02-23 21:48:13,social,US
1076,2025-09-01 12:58:30,email,US
1077,2025-01-09 04:34:49,organic,US
1078,2025-05-29 13:40:02,social,US
1079,2025-04-26 19:02:40,organic,US
1080,2025-07-29 04:28:52,email,US
1081,2025-11-17 13:20:03,email,US
1082,2025-11-06 06:54:01,paid_search,US
1083,2025-08-23 06:22:47,social,US
1084,2025-11-02 21:54:24,organic,GB
1085,2025-06-13 16:23:44,paid_search,AU
1086,2025-01-22 11:16:11,email,US
1087,2025-07-05 17:11:47,paid_search,US
1088,2025-10-26 19:07:03,paid_search,US
1089,2025-12-04 23:14:12,paid_search,US
1090,2025-06-22 11:57:21,email,CA
1091,2025-06-29 20:39:33,organic,US
1092,2025-01-22 09:43:16,organic,US
1093,2025-07-02 02:36:49,social,US
1094,2025-02-01 03:34:36,email,US
1095,2025-10-26 13:11:25,organic,US
1096,2025-01-30 05:55:54,organic,US
1097,2025-03-17 19:19:06,organic,US
1098,2025-10-14 20:37:03,organic,GB
1099,2025-10-07 15:44:10,paid_search,MX
1100,2025-10-03 22:23:46,social,US
1101,2025-10-26 22:17:18,social,US
1102,2025-07-12 20:41:28,social,US
1103,2025-12-14 16:21:42,paid_search,US
1104,2025-06-01 09:49:42,email,US
1105,2025-11-27 03:09:03,paid_search,US
1106,2025-06-22 06:08:30,referral,US
1107,2025-04-03 14:38:02,social,US
1108,2025-10-26 23:47:01,organic,US
1109,2025-04-28 01:42:39,social,US
1110,2025-01-13 09:57:27,organic,US
1111,2025-01-19 21:05:07,social,US
1112,2025-04-19 23:51:03,organic,MX
1113,2025-03-01 02:29:23,organic,US
1114,2025-04-06 07:24:39,email,US
1115,2025-09-26 23:49:44,organic,GB
1116,2025-11-03 09:13:38,email,MX
1117,2025-12-21 10:33:03,organic,US
1118,2025-09-17 01:43:30,social,CA
1119,2025-06-23 17:58:52,social,US
1120,2025-08-05 18:06:23,paid_search,US
1121,2025-01-23 02:45:05,organic,US
1122,2025-01-19 12:53:16,organic,US
1123,2025-08-27 01:31:37,organic,US
1124,2025-09-11 11:25:38,organic,US
1125,2025-03-31 18:46:42,social,US
1126,2025-03-15 11:29:24,referral,US
1127,2025-08-31 05:11:32,email,US
1128,2025-03-08 05:53:21,email,US
1129,2025-09-14 03:34:51,email,US
1130,2025-07-12 08:09:13,social,US
1131,2025-09-13 06:52:44,organic,CA
1132,2025-01-28 13:45:57,referral,GB
1133,2025-05-18 10:48:52,social,US
1134,2025-04-02 11:34:29,social,US
1135,2025-06-21 10:03:44,organic,US
1136,2025-06-07 18:08:04,paid_search,US
1137,2025-08-09 03:59:07,paid_search,US
1138,2025-06-09 12:08:57,email,US
1139,2025-06-28 13:44:13,paid_search,US
1140,2025-09-01 07:47:45,paid_search,US
1141,2025-07-06 08:00:48,referral,GB
1142,2025-06-19 20:57:49,organic,US
1143,2025-04-09 03:41:13,paid_search,US
1144,2025-05-24 21:39:56,organic,MX
1145,2025-03-05 03:29:30,social,US
1146,2025-01-13 09:50:00,,US
1147,2025-11-12 19:31:37,organic,US
1148,2025-05-07 00:51:04,email,US
1149,2025-08-16 19:36:14,organic,US
1150,2025-05-25 04:18:00,referral,US
1151,2025-01-15 03:41:09,email,US
1152,2025-06-30 15:34:06,email,US
1153,2025-07-11 02:40:55,organic,US
1154,2025-11-14 16:54:53,referral,US
1155,2025-02-06 04:09:14,social,US
1156,2025-12-05 12:31:58,organic,CA
1157,2025-04-24 15:15:59,email,US
1158,2025-11-14 16:07:24,organic,US
1159,2025-05-09 23:59:12,email,US
1160,2025-06-21 00:15:21,organic,US
1161,2025-02-25 08:34:43,social,US
1162,2025-03-17 06:00:32,paid_search,US
1163,2025-11-14 17:57:27,organic,GB
1164,2025-10-29 20:24:16,organic,CA
1165,2025-06-25 09:09:54,organic,US
1166,2025-08-29 06:36:44,paid_search,US
1167,2025-04-04 13:18:43,organic,US
1168,2025-11-06 09:54:22,social,US
1169,2025-09-23 11:38:22,organic,US
1170,2025-06-13 06:41:02,organic,US
1171,2025-04-18 17:02:47,social,US
1172,2025-01-08 08:33:25,organic,US
1173,2025-03-28 13:43:41,referral,US
1174,2025-02-23 01:18:17,email,AU
1175,2025-04-17 12:35:39,social,US
1176,2025-03-27 19:21:58,social,US
1177,2025-01-01 18:47:41,email,US
1178,2025-03-21 09:33:11,organic,CA
1179,2025-03-29 18:59:13,organic,US
1180,2025-09-20 15:23:24,organic,US
1181,2025-09-28 02:03:57,email,US
1182,2025-12-20 15:26:50,organic,US
1183,2025-05-02 03:23:35,social,CA
1184,2025-01-16 03:11:46,referral,US
1185,2025-04-30 21:43:34,email,US
1186,2025-08-16 18:20:30,paid_search,AU
1187,2025-02-04 08:00:22,organic,US
1188,2025-07-12 03:03:09,email,US
1189,2025-02-12 22:10:54,social,US
1190,2025-12-16 16:40:27,organic,MX
1191,2025-10-06 20:24:12,organic,US
1192,2025-01-02 08:47:13,referral,US
1193,2025-04-15 09:14:33,social,US
1194,2025-05-09 11:01:57,email,US
1195,2025-03-09 23:12:34,email,US
1196,2025-11-22 01:08:02,social,US
1197,2025-01-15 01:38:22,paid_search,MX
1198,2025-06-14 09:00:47,paid_search,US
1199,2025-06-29 20:43:04,organic,US
1200,2025-05-31 15:10:46,paid_search,US
1201,2025-04-24 13:06:44,email,US
1202,2025-05-10 01:36:27,social,GB
1203,2025-08-10 00:31:05,email,US
1204,2025-03-14 19:55:18,paid_search,US
1205,2025-03-29 19:42:48,social,US
1206,2025-08-26 05:48:00,social,US
1207,2025-01-26 09:03:34,social,US
1208,2025-06-12 09:28:53,social,US
1209,2025-12-24 03:51:53,organic,CA
1210,2025-07-23 02:16:29,paid_search,AU
1211,2025-05-08 23:39:23,organic,US
1212,2025-11-27 18:25:28,paid_search,MX
1213,2025-12-14 10:38:04,paid_search,US
1214,2025-09-17 11:38:00,social,US
1215,2025-12-26 06:31:31,referral,US
1216,2025-06-26 01:31:53,social,US
1217,2025-01-06 09:43:30,social,US
1218,2025-01-20 03:43:36,paid_search,US
1219,2025-11-07 22:08:44,social,US
1220,2025-05-31 02:31:45,organic,US
1221,2025-02-18 20:30:38,organic,US
1222,2025-10-29 23:08:19,paid_search,US
1223,2025-10-19 03:07:26,paid_search,US
1224,2025-05-02 15:57:09,organic,US
1225,2025-02-14 22:03:13,organic,US
1226,2025-06-01 20:28:30,organic,US
1227,2025-06-11 15:45:11,referral,GB
1228,2025-01-30 17:21:43,organic,US
1229,2025-04-09 00:44:32,paid_search,US
1230,2025-04-08 08:38:03,organic,CA
1231,2025-05-09 06:25:22,social,US
1232,2025-07-07 12:55:05,organic,US
1233,2025-05-06 13:31:20,organic,US
1234,2025-03-17 00:42:12,paid_search,AU
1235,2025-07-04 06:58:13,organic,US
1236,2025-03-02 03:27:47,organic,US
1237,2025-09-21 01:53:29,organic,US
1238,2025-10-25 21:35:59,organic,US
1239,2025-01-24 03:43:29,organic,US
1240,2025-04-18 15:43:54,organic,US
1241,2025-08-14 09:32:39,email,US
1242,2025-10-29 06:05:46,social,AU
1243,2025-04-17 09:25:00,paid_search,CA
1244,2025-04-21 12:42:45,organic,US
1245,2025-07-29 09:29:08,referral,CA
1246,2025-07-19 01:20:56,paid_search,US
1247,2025-05-22 18:19:12,organic,US
1248,2025-01-11 22:26:29,social,US
1249,2025-11-24 05:35:16,organic,CA
1250,2025-08-08 19:13:09,organic,CA
1251,2025-10-25 08:35:17,paid_search,US
1252,2025-07-07 10:03:34,email,AU
1253,2025-06-20 17:52:47,paid_search,US
1254,2025-08-09 06:49:39,social,GB
1255,2025-12-18 07:53:01,referral,MX
1256,2025-12-08 23:35:38,organic,US
1257,2025-04-07 22:35:41,organic,US
1258,2025-07-11 03:27:57,paid_search,US
1259,2025-02-28 12:41:01,paid_search,US
1260,2025-03-16 11:54:06,paid_search,US
1261,2025-02-18 00:28:07,referral,US
1262,2025-11-02 05:48:38,social,AU
1263,2025-11-13 23:30:16,social,US
1264,2025-04-15 19:50:14,organic,US
1265,2025-08-25 15:28:02,email,CA
1266,2025-02-23 09:12:18,referral,MX
1267,2025-05-11 02:46:54,email,US
1268,2025-07-26 03:21:11,organic,MX
1269,2025-03-23 23:16:52,social,US
1270,2025-10-17 02:53:23,organic,CA
1271,2025-09-09 22:24:23,organic,US
1272,2025-05-13 10:09:34,organic,US
1273,2025-10-25 12:41:41,social,US
1274,2025-12-26 10:26:09,social,US
1275,2025-10-10 15:33:39,organic,US
1276,2025-02-05 19:30:35,paid_search,US
1277,2025-06-15 16:33:14,paid_search,US
1278,2025-11-01 19:54:43,paid_search,AU
1279,2025-09-21 11:09:02,organic,US
1280,2025-08-16 06:41:09,paid_search,US
1281,2025-11-11 00:40:21,email,US
1282,2025-01-05 11:45:52,organic,US
1283,2025-11-13 20:13:17,organic,CA
1284,2025-12-06 06:38:47,paid_search,CA
1285,2025-07-26 02:28:53,referral,US
1286,2025-08-16 17:00:34,social,US
1287,2025-01-28 06:57:01,social,CA
1288,2025-04-14 04:02:22,paid_search,US
1289,2025-07-08 05:44:42,social,CA
1290,2025-03-06 15:11:03,organic,US
1291,2025-01-03 19:59:21,social,CA
1292,2025-11-22 04:25:22,referral,US
1293,2025-05-12 11:40:28,social,US
1294,2025-07-12 06:37:31,email,MX
1295,2025-04-08 01:29:40,social,US
1296,2025-12-17 18:48:57,organic,US
1297,2025-06-17 08:40:21,referral,US
1298,2025-01-01 17:52:03,organic,US
1299,2025-06-27 00:57:54,paid_search,US
1300,2025-07-28 12:08:51,organic,US
1301,2025-04-04 01:36:19,organic,US
1302,2025-01-12 01:08:00,paid_search,US
1303,2025-11-15 06:30:35,organic,CA
1304,2025-09-29 12:12:30,paid_search,US
1305,2025-07-24 01:33:52,social,US
1306,2025-03-03 21:23:37,organic,US
1307,2025-04-18 02:25:17,organic,US
1308,2025-03-09 05:48:21,social,US
1309,2025-06-04 18:12:52,organic,US
1310,2025-10-31 10:18:37,social,US
1311,2025-10-22 13:03:06,social,US
1312,2025-04-26 16:02:06,email,US
1313,2025-08-16 13:17:23,social,US
1314,2025-01-17 09:20:12,paid_search,US
1315,2025-03-08 14:00:10,social,US
1316,2025-01-07 14:47:30,organic,US
1317,2025-09-03 23:49:52,organic,US
1318,2025-04-12 13:22:13,email,GB
1319,2025-02-03 03:29:53,paid_search,US
1320,2025-02-26 19:37:27,email,US
1321,2025-03-21 15:28:09,email,US
1322,2025-03-27 21:43:32,email,US
1323,2025-02-13 11:52:54,referral,US
1324,2025-04-12 18:08:09,paid_search,US
1325,2025-10-05 15:26:35,organic,GB
1326,2025-11-16 00:55:29,social,US
1327,2025-04-12 11:25:00,paid_search,MX
1328,2025-08-31 18:53:27,social,US
1329,2025-09-15 20:16:01,social,US
1330,2025-04-06 23:18:43,social,US
1331,2025-08-19 16:30:56,paid_search,US
1332,2025-10-26 20:55:26,organic,US
1333,2025-04-01 05:38:44,paid_search,US
1334,2025-05-15 18:13:28,organic,US
1335,2025-05-01 01:38:24,email,AU
1336,2025-12-30 22:22:00,organic,GB
1337,2025-04-04 21:21:14,organic,US
1338,2025-08-08 12:43:58,organic,US
1339,2025-05-21 11:46:31,social,US
1340,2025-08-14 15:41:25,social,US
1341,2025-10-05 22:13:10,organic,US
1342,2025-09-17 19:59:30,organic,US
1343,2025-09-12 10:20:13,paid_search,US
1344,2025-09-13 08:22:54,organic,US
1345,2025-12-13 20:25:40,social,MX
1346,2025-05-04 23:56:45,social,US
1347,2025-07-08 06:05:47,paid_search,AU
1348,2025-07-23 06:51:23,organic,US
1349,2025-04-23 18:10:57,referral,US
1350,2025-12-20 10:13:33,paid_search,US
1351,2025-06-11 14:04:36,social,US
1352,2025-08-03 00:01:59,organic,US
1353,2025-11-22 19:47:22,paid_search,US
1354,2025-02-11 18:42:16,organic,US
1355,2025-04-04 07:07:13,paid_search,US
1356,2025-03-18 19:55:55,referral,US
1357,2025-07-30 04:53:54,paid_search,US
1358,2025-07-18 15:43:30,organic,US
1359,2025-08-16 09:29:36,organic,US
1360,2025-12-02 07:52:07,paid_search,US
1361,2025-05-22 12:04:15,organic,US
1362,2025-07-26 19:48:37,organic,MX
1363,2025-03-02 15:05:31,email,US
1364,2025-10-20 20:34:07,paid_search,US
1365,2025-01-14 03:32:44,,US
1366,2025-12-12 23:27:03,referral,US
1367,2025-11-05 10:37:28,organic,US
1368,2025-01-25 22:49:08,referral,US
1369,2025-11-10 21:52:13,organic,US
1370,2025-05-13 08:03:07,email,CA
1371,2025-08-28 14:41:38,social,US
1372,2025-01-11 02:32:52,email,US
1373,2025-11-30 22:16:04,referral,US
1374,2025-04-14 03:14:12,organic,AU
1375,2025-03-07 10:56:18,referral,US
1376,2025-02-26 09:46:34,paid_search,US
1377,2025-02-17 00:41:49,paid_search,US
1378,2025-03-22 08:07:25,organic,CA
1379,2025-12-28 07:02:27,paid_search,MX
1380,2025-07-03 18:11:36,organic,US
1381,2025-04-20 09:20:44,social,GB
1382,2025-04-28 18:32:09,paid_search,GB
1383,2025-04-01 11:28:24,email,US
1384,2025-06-13 18:33:53,email,US
1385,2025-07-23 18:49:11,paid_search,US
1386,2025-11-26 21:10:31,organic,MX
1387,2025-03-23 06:31:02,organic,US
1388,2025-05-22 10:09:43,organic,CA
1389,2025-04-07 15:47:25,organic,US
1390,2025-03-03 03:23:11,organic,US
1391,2025-03-28 14:37:38,organic,US
1392,2025-12-10 16:46:52,referral,US
1393,2025-08-12 20:08:05,social,GB
1394,2025-02-05 17:16:16,organic,CA
1395,2025-09-27 12:33:26,social,GB
1396,2025-03-03 20:57:34,organic,US
1397,2025-05-16 05:33:02,paid_search,US
1398,2025-12-23 14:38:24,,US
1399,2025-10-08 20:56:56,paid_search,US
1400,2025-07-08 21:30:56,paid_search,US
1401,2025-02-26 12:34:40,referral,US
1402,2025-02-12 14:34:22,email,US
1403,2025-02-23 14:57:58,social,MX
1404,2025-01-31 04:44:49,social,US
1405,2025-08-12 05:12:45,social,US
1406,2025-07-24 18:17:24,organic,US
1407,2025-01-12 00:59:19,paid_search,US
1408,2025-05-03 10:20:23,organic,US
1409,2025-12-17 11:34:10,paid_search,AU
1410,2025-07-08 05:50:30,paid_search,GB
1411,2025-04-02 11:57:57,organic,AU
1412,2025-04-26 22:19:49,referral,MX
1413,2025-08-22 04:19:14,referral,US
1414,2025-05-15 14:49:42,social,US
1415,2025-07-18 04:14:42,paid_search,US
1416,2025-12-04 01:35:03,email,US
1417,2025-11-06 01:53:45,organic,US
1418,2025-11-18 02:34:39,email,US
1419,2025-05-13 15:21:23,organic,US
1420,2025-09-04 16:42:54,email,US
1421,2025-06-30 09:42:06,organic,US
1422,2025-05-24 10:14:52,email,US
1423,2025-06-10 20:50:40,referral,US
1424,2025-04-20 21:56:03,organic,US
1425,2025-12-19 05:49:17,paid_search,US
1426,2025-06-12 10:22:30,referral,US
1427,2025-05-22 02:16:58,paid_search,US
1428,2025-10-01 15:51:56,,US
1429,2025-06-10 22:20:21,social,CA
1430,2025-04-30 11:02:16,paid_search,US
1431,2025-12-16 16:33:36,organic,US
1432,2025-07-11 15:45:00,organic,US
1433,2025-11-10 06:08:36,email,US
1434,2025-09-13 05:37:30,paid_search,CA
1435,2025-03-29 10:19:34,paid_search,US
1436,2025-05-05 10:10:40,paid_search,US
1437,2025-04-24 11:03:25,social,US
1438,2025-03-12 13:38:11,email,US
1439,2025-06-05 10:09:05,referral,US
1440,2025-08-19 23:06:49,paid_search,US
1441,2025-03-31 04:18:12,email,US
1442,2025-03-29 18:29:14,email,US
1443,2025-08-19 10:07:05,social,US
1444,2025-11-02 10:22:24,referral,US
1445,2025-03-09 06:49:25,organic,US
1446,2025-02-16 23:11:33,organic,US
1447,2025-09-18 01:14:52,email,US
1448,2025-03-04 11:21:02,paid_search,US
1449,2025-07-09 23:18:06,email,US
1450,2025-05-15 07:57:23,email,AU
1451,2025-07-12 15:19:08,organic,US
1452,2025-05-04 17:05:27,email,US
1453,2025-04-30 01:47:31,paid_search,US
1454,2025-11-28 04:25:27,paid_search,US
1455,2025-04-24 18:06:06,social,US
1456,2025-01-21 21:31:08,referral,US
1457,2025-02-09 16:12:55,organic,US
1458,2025-03-15 13:37:08,paid_search,GB
1459,2025-04-09 13:11:56,social,US
1460,2025-05-14 15:58:38,social,US
1461,2025-05-15 11:23:47,social,GB
1462,2025-06-24 02:43:23,,US
1463,2025-11-08 00:51:56,organic,GB
1464,2025-03-05 22:53:53,paid_search,US
1465,2025-08-07 06:09:30,email,CA
1466,2025-01-26 23:31:42,organic,US
1467,2025-08-22 06:36:34,organic,US
1468,2025-11-17 13:17:38,referral,AU
1469,2025-05-30 13:05:39,organic,US
1470,2025-07-02 00:51:47,referral,US
1471,2025-09-18 13:26:49,social,US
1472,2025-03-31 10:21:30,email,US
1473,2025-09-20 10:31:54,organic,US
1474,2025-04-07 17:39:16,organic,US
1475,2025-11-19 10:29:39,social,US
1476,2025-04-05 22:58:18,email,US
1477,2025-10-23 18:22:53,social,US
1478,2025-04-20 09:22:17,organic,US
1479,2025-11-24 10:18:15,email,US
1480,2025-09-19 19:31:49,email,US
1481,2025-02-09 04:41:41,social,US
1482,2025-04-30 23:54:47,email,US
1483,2025-03-27 14:15:50,email,US
1484,2025-02-23 02:32:14,social,US
1485,2025-11-29 01:05:29,organic,US
1486,2025-04-08 23:18:05,paid_search,CA
1487,2025-10-05 03:32:58,organic,US
1488,2025-09-02 06:30:35,paid_search,US
1489,2025-10-06 11:56:09,paid_search,US
1490,2025-01-15 12:46:04,organic,CA
1491,2025-11-10 08:35:51,organic,AU
1492,2025-10-20 17:28:29,organic,US
1493,2025-12-17 04:32:17,email,US
1494,2025-04-14 08:37:44,referral,GB
1495,2025-10-27 00:48:32,organic,US
1496,2025-05-04 12:56:14,referral,US
1497,2025-09-03 09:22:03,paid_search,US
1498,2025-12-16 05:37:46,organic,US
1499,2025-05-01 20:02:19,organic,AU
1500,2025-02-02 07:40:27,paid_search,MX
1501,2025-05-11 21:30:11,email,US
1502,2025-08-22 01:01:35,social,US
1503,2025-03-08 12:40:35,organic,GB
1504,2025-02-20 19:27:00,organic,US
1505,2025-02-01 00:55:19,paid_search,US
1506,2025-07-24 11:45:11,organic,GB
1507,2025-05-26 15:17:18,organic,US
1508,2025-07-23 21:19:37,organic,US
1509,2025-10-07 10:54:40,email,US
1510,2025-10-25 01:28:59,referral,GB
1511,2025-12-27 07:02:54,paid_search,US
1512,2025-09-14 03:14:01,referral,US
1513,2025-11-16 05:11:36,organic,US
1514,2025-04-23 03:07:33,paid_search,CA
1515,2025-12-15 09:32:34,organic,CA
1516,2025-04-13 20:42:04,social,US
1517,2025-05-14 10:41:17,referral,US
1518,2025-08-21 14:52:23,social,US
1519,2025-08-12 19:14:48,paid_search,MX
1520,2025-07-03 14:31:49,social,US
1521,2025-08-09 12:35:22,organic,AU
1522,2025-10-02 17:49:10,email,US
1523,2025-10-07 12:50:08,paid_search,CA
1524,2025-07-12 00:47:41,paid_search,CA
1525,2025-03-18 02:35:16,social,US
1526,2025-01-24 04:12:04,social,MX
1527,2025-03-14 11:28:25,organic,US
1528,2025-05-28 04:07:09,social,US
1529,2025-11-26 17:55:47,organic,US
1530,2025-03-19 05:08:38,social,US
1531,2025-12-04 00:07:20,email,US
1532,2025-07-19 21:43:28,email,US
1533,2025-05-15 15:48:14,social,US
1534,2025-12-02 21:08:05,paid_search,US
1535,2025-06-09 17:19:50,organic,US
1536,2025-02-11 09:57:06,email,US
1537,2025-09-23 08:24:07,organic,US
1538,2025-11-11 18:14:38,paid_search,US
1539,2025-01-29 02:19:00,organic,US
1540,2025-08-03 00:54:06,organic,US
1541,2025-01-04 16:26:48,social,US
1542,2025-04-13 12:14:44,organic,CA
1543,2025-12-18 13:30:48,social,AU
1544,2025-05-03 00:41:45,organic,US
1545,2025-10-25 04:33:55,organic,CA
1546,2025-11-22 02:23:52,paid_search,GB
1547,2025-08-19 06:13:08,organic,GB
1548,2025-04-18 07:49:45,organic,US
1549,2025-09-25 03:38:16,social,MX
1550,2025-09-01 04:44:18,organic,US
1551,2025-01-22 23:25:39,email,US
1552,2025-11-02 11:59:20,organic,US
1553,2025-07-25 22:57:29,organic,US
1554,2025-10-15 23:27:06,social,US
1555,2025-02-23 22:43:49,organic,US
1556,2025-05-10 01:08:17,organic,US
1557,2025-08-25 18:01:42,paid_search,CA
1558,2025-06-09 05:34:09,organic,GB
1559,2025-08-01 11:39:06,email,US
1560,2025-06-05 09:45:05,organic,GB
1561,2025-08-07 08:07:54,email,GB
1562,2025-12-10 06:30:40,email,CA
1563,2025-02-26 05:00:47,paid_search,US
1564,2025-10-19 01:04:42,referral,US
1565,2025-03-21 08:54:18,paid_search,AU
1566,2025-12-21 06:51:23,referral,US
1567,2025-11-20 02:10:02,organic,US
1568,2025-01-12 12:48:50,social,US
1569,2025-10-28 04:44:37,paid_search,US
1570,2025-08-13 07:00:39,paid_search,US
1571,2025-12-30 20:27:04,social,US
1572,2025-11-04 05:21:10,social,US
1573,2025-03-14 02:53:39,organic,CA
1574,2025-08-30 17:43:33,organic,GB
1575,2025-05-11 16:42:28,social,US
1576,2025-02-08 22:38:15,social,MX
1577,2025-12-04 07:37:04,referral,US
1578,2025-05-31 01:41:04,email,US
1579,2025-12-17 20:46:20,referral,CA
1580,2025-05-03 10:53:50,social,CA
1581,2025-07-26 06:44:58,organic,AU
1582,2025-12-28 02:38:13,organic,US
1583,2025-03-08 23:17:45,email,GB
1584,2025-09-20 13:37:31,social,US
1585,2025-03-28 15:49:05,organic,US
1586,2025-12-29 06:10:28,paid_search,US
1587,2025-11-03 06:18:46,referral,US
1588,2025-12-04 14:21:04,paid_search,US
1589,2025-01-07 14:27:31,paid_search,GB
1590,2025-10-19 12:00:40,,US
1591,2025-01-12 04:42:24,organic,US
1592,2025-05-11 03:14:27,paid_search,US
1593,2025-01-28 22:02:29,paid_search,US
1594,2025-03-04 11:41:09,organic,GB
1595,2025-12-26 03:22:03,email,US
1596,2025-07-09 21:06:06,paid_search,US
1597,2025-08-21 23:31:08,email,GB
1598,2025-08-26 09:14:15,email,US
1599,2025-04-20 02:45:04,organic,US
1600,2025-05-16 06:10:14,social,US
1601,2025-03-23 06:38:56,paid_search,US
1602,2025-09-18 22:49:03,email,US
1603,2025-08-16 11:57:00,organic,US
1604,2025-11-29 17:11:57,social,CA
1605,2025-09-02 06:31:14,social,CA
1606,2025-12-04 01:33:46,organic,US
1607,2025-05-25 12:12:39,organic,US
1608,2025-10-08 05:12:29,social,GB
1609,2025-04-11 03:33:51,social,US
1610,2025-12-29 14:28:45,organic,US
1611,2025-06-08 11:06:04,social,US
1612,2025-09-21 10:45:00,paid_search,GB
1613,2025-05-16 12:11:08,social,US
1614,2025-06-14 21:16:13,organic,US
1615,2025-02-01 04:24:47,email,US
1616,2025-04-27 09:04:39,organic,GB
1617,2025-03-17 08:47:14,paid_search,US
1618,2025-06-09 12:03:29,organic,MX
1619,2025-09-05 15:57:52,organic,US
1620,2025-04-14 21:36:13,paid_search,US
1621,2025-06-05 04:20:02,organic,US
1622,2025-01-09 03:27:42,email,US
1623,2025-07-29 07:00:01,organic,AU
1624,2025-02-17 08:41:37,paid_search,US
1625,2025-06-09 08:46:45,organic,CA
1626,2025-06-12 04:36:43,organic,US
1627,2025-08-13 23:04:16,organic,US
1628,2025-04-26 14:30:09,paid_search,US
1629,2025-08-28 19:47:41,paid_search,US
1630,2025-09-04 04:57:09,paid_search,MX
1631,2025-12-05 03:59:58,paid_search,US
1632,2025-03-12 12:54:27,social,US
1633,2025-04-22 09:10:24,organic,US
1634,2025-11-07 01:59:35,paid_search,US
1635,2025-04-30 19:59:24,referral,US
1636,2025-09-16 00:56:22,paid_search,GB
1637,2025-02-09 21:57:58,social,US
1638,2025-06-11 08:53:22,organic,US
1639,2025-11-01 07:37:03,email,US
1640,2025-11-28 21:47:53,email,MX
1641,2025-09-12 12:00:09,paid_search,US
1642,2025-12-05 07:10:10,referral,US
1643,2025-06-17 17:59:09,organic,US
1644,2025-06-06 03:18:57,organic,US
1645,2025-05-04 11:43:55,email,US
1646,2025-07-12 14:46:56,email,US
1647,2025-04-07 21:04:22,organic,CA
1648,2025-04-28 18:15:18,organic,US
1649,2025-07-11 10:51:11,organic,CA
1650,2025-09-08 06:39:45,organic,US
1651,2025-05-13 22:08:28,email,US
1652,2025-03-28 05:20:07,paid_search,US
1653,2025-07-01 20:44:48,organic,US
1654,2025-08-29 23:24:40,paid_search,CA
1655,2025-06-10 04:11:34,organic,US
1656,2025-07-13 07:14:10,organic,US
1657,2025-08-13 07:23:03,social,US
1658,2025-02-09 19:09:10,referral,MX
1659,2025-01-01 21:10:18,email,US
1660,2025-10-01 19:09:50,organic,AU
1661,2025-07-23 02:14:20,email,US
1662,2025-03-06 13:44:39,email,US
1663,2025-05-07 13:35:49,email,US
1664,2025-06-15 17:18:48,paid_search,US
1665,2025-06-01 04:09:18,paid_search,US
1666,2025-12-12 03:56:20,organic,US
1667,2025-11-28 13:12:34,organic,AU
1668,2025-08-20 01:15:30,organic,GB
1669,2025-08-03 04:21:52,organic,US
1670,2025-04-12 02:45:47,paid_search,US
1671,2025-07-09 06:51:26,social,US
1672,2025-04-13 13:22:15,paid_search,US
1673,2025-10-10 22:05:21,organic,US
1674,2025-02-01 04:35:46,referral,AU
1675,2025-02-18 22:46:55,referral,US
1676,2025-08-05 10:15:51,email,US
1677,2025-06-24 19:51:41,referral,US
1678,2025-03-23 06:30:55,paid_search,US
1679,2025-07-25 12:00:55,referral,US
1680,2025-04-18 12:08:13,organic,US
1681,2025-04-15 03:15:54,paid_search,US
1682,2025-03-27 02:16:47,organic,US
1683,2025-11-23 00:37:23,organic,US
1684,2025-12-10 11:37:23,organic,MX
1685,2025-07-19 23:11:32,social,US
1686,2025-01-23 17:02:45,email,US
1687,2025-04-03 10:13:40,social,US
1688,2025-01-08 01:46:53,,US
1689,2025-07-23 01:52:30,email,US
1690,2025-07-02 19:29:58,social,CA
1691,2025-10-11 21:16:31,paid_search,US
1692,2025-02-19 02:09:21,,US
1693,2025-09-15 23:13:10,organic,US
1694,2025-01-22 06:57:13,organic,US
1695,2025-03-18 00:53:52,referral,GB
1696,2025-08-25 16:23:50,organic,GB
1697,2025-08-06 15:16:36,paid_search,US
1698,2025-06-03 20:07:46,email,CA
1699,2025-10-05 20:24:15,social,US
1700,2025-03-28 21:22:04,organic,MX
1701,2025-03-13 18:50:58,organic,US
1702,2025-09-02 09:40:51,organic,MX
1703,2025-04-25 08:41:00,social,CA
1704,2025-02-10 19:38:57,paid_search,US
1705,2025-04-12 17:48:49,organic,US
1706,2025-08-06 10:22:56,referral,MX
1707,2025-09-03 17:53:50,paid_search,GB
1708,2025-10-20 06:56:19,organic,US
1709,2025-03-22 01:54:49,paid_search,US
1710,2025-08-27 08:27:42,social,US
1711,2025-08-22 06:15:29,organic,US
1712,2025-07-03 03:25:54,organic,US
1713,2025-08-05 14:38:14,email,US
1714,2025-05-29 01:01:42,paid_search,CA
1715,2025-05-02 05:24:27,paid_search,US
1716,2025-05-06 17:49:07,paid_search,CA
1717,2025-12-13 01:16:52,organic,US
1718,2025-03-13 16:32:36,organic,US
1719,2025-06-07 03:59:33,paid_search,US
1720,2025-01-20 17:40:15,organic,US
1721,2025-09-15 02:39:25,organic,US
1722,2025-06-18 03:56:56,email,US
1723,2025-11-17 02:03:13,referral,US
1724,2025-03-26 03:51:16,email,US
1725,2025-09-26 14:20:27,email,US
1726,2025-02-07 19:20:02,organic,US
1727,2025-06-06 03:07:31,referral,GB
1728,2025-10-16 04:24:25,organic,AU
1729,2025-10-15 23:40:05,referral,US
1730,2025-11-11 05:34:35,referral,US
1731,2025-12-29 22:03:03,social,US
1732,2025-08-30 17:41:36,referral,MX
1733,2025-03-05 15:39:53,,US
1734,2025-06-12 21:09:49,organic,US
1735,2025-06-01 22:11:03,paid_search,US
1736,2025-02-19 07:52:26,social,US
1737,2025-07-15 05:21:49,organic,US
1738,2025-04-26 02:26:30,social,CA
1739,2025-05-29 03:35:27,referral,US
1740,2025-05-01 06:44:47,organic,US
1741,2025-06-15 22:59:28,email,US
1742,2025-01-21 01:14:25,referral,US
1743,2025-12-07 05:34:42,referral,AU
1744,2025-08-19 21:53:20,referral,US
1745,2025-06-01 17:36:13,paid_search,CA
1746,2025-12-30 11:29:12,referral,US
1747,2025-05-08 20:10:15,email,US
1748,2025-06-25 15:26:57,organic,MX
1749,2025-02-03 02:14:04,paid_search,US
1750,2025-07-24 10:27:36,social,GB
1751,2025-01-04 17:41:58,organic,US
1752,2025-12-19 05:27:36,social,GB
1753,2025-11-22 06:47:17,social,US
1754,2025-08-09 04:12:05,organic,US
1755,2025-12-05 06:57:46,social,CA
1756,2025-01-02 08:25:39,email,AU
1757,2025-12-28 16:51:37,paid_search,AU
1758,2025-04-22 23:33:13,organic,CA
1759,2025-04-17 02:55:24,organic,GB
1760,2025-07-05 00:20:49,paid_search,US
1761,2025-11-29 04:19:34,referral,US
1762,2025-06-23 19:19:00,organic,US
1763,2025-05-18 11:34:34,social,US
1764,2025-04-23 21:51:01,organic,US
1765,2025-01-12 17:55:29,organic,US
1766,2025-11-06 09:44:31,email,US
1767,2025-01-29 00:22:44,social,US
1768,2025-05-07 23:32:57,organic,US
1769,2025-11-05 09:37:39,paid_search,US
1770,2025-10-21 10:51:20,organic,US
1771,2025-01-31 16:58:13,paid_search,CA
1772,2025-08-21 09:57:53,social,US
1773,2025-12-30 00:49:20,organic,US
1774,2025-12-05 13:20:36,organic,US
1775,2025-05-29 06:43:36,paid_search,US
1776,2025-09-20 08:10:13,referral,US
1777,2025-03-22 08:55:21,referral,US
1778,2025-03-14 04:59:55,organic,US
1779,2025-06-13 20:36:38,email,US
1780,2025-09-07 08:36:04,paid_search,US
1781,2025-06-08 05:51:37,paid_search,MX
1782,2025-12-25 05:08:37,email,MX
1783,2025-07-22 11:26:12,referral,US
1784,2025-10-19 20:44:10,referral,US
1785,2025-03-20 14:22:48,social,US
1786,2025-02-13 09:59:58,paid_search,US
1787,2025-11-30 04:28:53,email,AU
1788,2025-10-07 11:24:10,organic,US
1789,2025-07-02 02:15:03,social,CA
1790,2025-02-06 07:42:25,paid_search,US
1791,2025-12-03 09:10:35,social,MX
1792,2025-01-15 04:41:16,organic,US
1793,2025-02-18 10:14:16,organic,CA
1794,2025-04-14 17:07:00,referral,US
1795,2025-06-23 19:13:10,organic,US
1796,2025-05-29 05:30:49,paid_search,US
1797,2025-01-18 08:54:04,organic,US
1798,2025-04-18 20:16:16,organic,AU
1799,2025-08-23 00:53:45,organic,AU
1800,2025-10-23 11:28:20,organic,GB
1801,2025-01-17 04:58:03,email,US
1802,2025-09-20 18:53:49,organic,CA
1803,2025-06-13 16:21:13,referral,US
1804,2025-01-09 00:09:17,social,US
1805,2025-01-05 12:31:59,paid_search,US
1806,2025-04-25 18:35:45,social,US
1807,2025-04-21 09:35:55,paid_search,US
1808,2025-10-01 12:21:09,email,US
1809,2025-07-01 20:54:02,organic,US
1810,2025-08-21 19:32:16,paid_search,CA
1811,2025-08-21 07:54:26,email,US
1812,2025-08-07 16:45:40,referral,US
1813,2025-03-21 00:28:19,email,US
1814,2025-09-24 11:50:10,paid_search,US
1815,2025-06-07 03:57:13,email,US
1816,2025-10-13 19:40:12,paid_search,US
1817,2025-11-19 06:39:16,paid_search,US
1818,2025-02-26 17:51:06,organic,US
1819,2025-07-24 07:40:47,social,US
1820,2025-03-14 03:18:59,organic,CA
1821,2025-01-15 17:01:36,organic,US
1822,2025-05-19 08:05:14,email,US
1823,2025-01-13 06:20:22,organic,CA
1824,2025-02-21 04:26:15,organic,US
1825,2025-07-14 02:24:34,organic,US
1826,2025-07-18 13:23:01,referral,GB
1827,2025-12-29 21:42:57,paid_search,US
1828,2025-10-27 11:21:26,paid_search,US
1829,2025-02-17 19:37:59,email,US
1830,2025-12-22 01:01:41,email,US
1831,2025-04-19 19:18:45,organic,US
1832,2025-10-26 17:43:32,social,US
1833,2025-12-24 12:55:19,email,US
1834,2025-07-18 23:37:04,social,US
1835,2025-08-02 01:40:09,organic,US
1836,2025-02-08 18:54:38,email,US
1837,2025-08-10 06:54:11,paid_search,US
1838,2025-10-14 12:34:26,organic,US
1839,2025-03-08 00:16:34,paid_search,US
1840,2025-10-05 23:42:43,organic,AU
1841,2025-08-15 05:19:38,organic,US
1842,2025-05-13 02:56:16,email,US
1843,2025-07-27 17:26:21,organic,US
1844,2025-04-15 22:53:46,paid_search,US
1845,2025-06-03 17:54:52,paid_search,AU
1846,2025-11-06 22:12:58,organic,US
1847,2025-11-01 04:06:57,referral,MX
1848,2025-11-02 11:19:36,organic,US
1849,2025-09-20 19:52:57,organic,US
1850,2025-09-30 18:36:49,organic,US
1851,2025-09-08 07:53:24,organic,GB
1852,2025-02-01 12:04:24,organic,US
1853,2025-08-28 20:47:04,social,US
1854,2025-03-22 20:12:00,referral,US
1855,2025-11-22 06:45:20,organic,US
1856,2025-06-14 05:36:24,social,AU
1857,2025-03-31 12:08:28,social,US
1858,2025-02-14 20:35:54,email,US
1859,2025-08-14 11:43:35,paid_search,CA
1860,2025-09-13 12:03:53,organic,US
1861,2025-11-22 22:13:44,organic,MX
1862,2025-07-29 12:08:06,social,US
1863,2025-10-07 10:00:02,email,US
1864,2025-11-25 04:52:18,organic,GB
1865,2025-05-07 07:23:16,paid_search,US
1866,2025-04-27 06:59:55,referral,US
1867,2025-12-24 17:43:07,email,US
1868,2025-12-03 03:14:58,referral,US
1869,2025-11-21 02:50:05,email,US
1870,2025-09-19 04:02:45,paid_search,AU
1871,2025-08-02 09:56:49,social,US
1872,2025-03-18 02:50:51,social,US
1873,2025-03-21 11:33:38,organic,MX
1874,2025-04-15 05:17:24,paid_search,US
1875,2025-10-08 14:14:03,social,US
1876,2025-05-17 08:13:46,organic,US
1877,2025-06-11 14:40:58,email,AU
1878,2025-02-27 17:28:16,social,US
1879,2025-07-19 03:30:04,referral,CA
1880,2025-02-17 06:39:12,organic,CA
1881,2025-09-02 19:34:33,organic,US
1882,2025-06-02 03:00:08,social,US
1883,2025-02-04 11:06:30,organic,GB
1884,2025-10-10 03:20:16,social,US
1885,2025-09-28 16:39:10,email,CA
1886,2025-02-08 03:54:51,organic,AU
1887,2025-05-22 02:23:57,paid_search,US
1888,2025-09-08 19:51:43,paid_search,US
1889,2025-10-14 05:57:43,paid_search,CA
1890,2025-01-29 19:51:46,referral,GB
1891,2025-10-09 11:29:11,email,US
1892,2025-11-02 01:35:26,social,US
1893,2025-04-04 03:20:52,social,US
1894,2025-03-02 19:30:24,paid_search,US
1895,2025-05-06 22:25:26,referral,US
1896,2025-09-24 02:45:56,social,US
1897,2025-08-26 10:39:49,social,US
1898,2025-08-08 16:09:51,email,US
1899,2025-09-28 16:54:29,organic,US
1900,2025-07-19 13:14:47,email,US
1901,2025-09-02 21:19:13,organic,US
1902,2025-09-09 00:50:32,organic,US
1903,2025-10-28 05:54:19,organic,US
1904,2025-05-03 06:13:34,referral,US
1905,2025-10-10 02:47:22,email,US
1906,2025-06-13 16:43:05,social,US
1907,2025-08-23 16:08:08,social,MX
1908,2025-11-23 01:35:40,social,US
1909,2025-10-19 01:15:05,referral,MX
1910,2025-01-19 02:38:38,paid_search,US
1911,2025-09-11 16:02:39,paid_search,US
1912,2025-05-02 19:10:01,organic,GB
1913,2025-04-26 15:19:43,email,US
1914,2025-06-17 16:31:02,social,US
1915,2025-12-23 05:22:24,,US
1916,2025-02-14 03:14:30,organic,US
1917,2025-02-25 15:07:05,email,US
1918,2025-09-28 16:24:52,organic,US
1919,2025-08-10 17:07:33,social,US
1920,2025-03-12 21:02:49,referral,US
1921,2025-01-18 15:21:42,paid_search,MX
1922,2025-05-15 00:25:49,organic,US
1923,2025-06-15 18:54:06,social,US
1924,2025-04-15 18:39:48,email,GB
1925,2025-08-10 18:23:02,paid_search,US
1926,2025-01-24 13:30:48,referral,US
1927,2025-09-11 11:22:26,organic,US
1928,2025-05-06 07:54:23,paid_search,US
1929,2025-10-21 15:20:39,,US
1930,2025-04-25 17:50:41,email,CA
1931,2025-12-03 08:44:06,organic,MX
1932,2025-11-09 03:32:44,email,US
1933,2025-09-29 15:03:45,social,US
1934,2025-05-24 00:27:10,paid_search,US
1935,2025-05-13 14:38:21,organic,US
1936,2025-01-10 16:46:43,email,GB
1937,2025-02-09 17:43:02,organic,US
1938,2025-04-11 08:22:58,organic,US
1939,2025-11-25 02:40:17,organic,CA
1940,2025-12-05 12:08:26,email,US
1941,2025-02-09 07:04:09,social,US
1942,2025-07-14 22:42:46,email,US
1943,2025-10-14 05:07:28,organic,GB
1944,2025-03-27 23:47:25,social,US
1945,2025-05-06 06:20:14,social,GB
1946,2025-09-22 13:41:43,email,US
1947,2025-06-21 07:38:10,referral,CA
1948,2025-10-25 17:59:07,organic,GB
1949,2025-06-17 23:46:03,social,US
1950,2025-08-12 15:58:36,organic,US
1951,2025-11-27 02:39:29,paid_search,US
1952,2025-04-19 15:49:22,organic,US
1953,2025-02-18 12:44:20,organic,US
1954,2025-12-06 09:40:58,paid_search,US
1955,2025-07-15 17:34:31,social,US
1956,2025-06-25 14:02:01,organic,US
1957,2025-10-27 02:17:26,social,US
1958,2025-10-28 15:29:26,paid_search,US
1959,2025-05-22 23:44:43,organic,US
1960,2025-04-16 03:36:06,email,GB
1961,2025-05-19 16:59:58,organic,US
1962,2025-12-20 00:59:35,paid_search,US
1963,2025-01-22 07:34:08,social,MX
1964,2025-12-22 12:03:15,organic,US
1965,2025-03-24 13:15:08,organic,AU
1966,2025-09-26 16:37:41,paid_search,US
1967,2025-11-07 19:31:36,referral,US
1968,2025-06-23 00:42:52,social,US
1969,2025-02-14 07:27:13,social,US
1970,2025-08-14 20:08:00,social,US
1971,2025-06-07 08:17:19,organic,US
1972,2025-09-03 16:06:04,paid_search,US
1973,2025-11-19 12:42:17,email,US
1974,2025-03-24 18:52:27,organic,US
1975,2025-11-14 23:53:33,organic,US
1976,2025-06-21 04:21:21,organic,US
1977,2025-02-17 21:14:30,paid_search,US
1978,2025-02-19 23:25:22,referral,MX
1979,2025-05-25 17:23:53,organic,US
1980,2025-10-24 14:05:21,paid_search,AU
1981,2025-10-08 14:03:09,organic,CA
1982,2025-01-12 19:22:34,referral,US
1983,2025-10-15 14:15:40,organic,US
1984,2025-10-01 09:19:08,paid_search,US
1985,2025-02-27 05:39:29,social,US
1986,2025-03-19 22:20:15,social,US
1987,2025-05-25 06:42:39,paid_search,US
1988,2025-04-05 20:36:50,organic,US
1989,2025-10-13 15:58:30,paid_search,US
1990,2025-03-25 03:53:17,organic,US
1991,2025-12-13 01:46:27,organic,US
1992,2025-10-16 18:12:44,paid_search,CA
1993,2025-03-19 17:05:01,organic,US
1994,2025-05-10 12:58:24,organic,US
1995,2025-06-23 15:48:44,social,US
1996,2025-11-12 11:59:57,referral,US
1997,2025-06-14 16:42:28,social,US
1998,2025-06-10 00:12:27,organic,US
1999,2025-05-05 13:08:08,organic,US
2000,2025-05-11 20:20:31,referral,US
